{
  "prefix": {
    "title": "Hi 👋, I'm",
    "currentWork": "🔭 I’m currently working on",
    "currentLearn": "🌱 I’m currently learning",
    "collaborateOn": "👯 I’m looking to collaborate on",
    "helpWith": "🤝 I’m looking for help with",
    "ama": "💬 Ask me about",
    "contact": "📫 How to reach me",
    "resume": "📄 Know about my experiences",
    "funFact": "⚡ Modified Facts",
    "portfolio": "👨‍💻 All of my projects are available at",
    "blog": "📝 I regularly write articles on"
  },
  "data": {
    "title": "Test",
    "subtitle": "A QE Evaluation",
    "currentWork": "project name",
    "currentLearn": "",
    "collaborateOn": "",
    "helpWith": "",
    "ama": "",
    "contact": "",
    "funFact": "",
    "twitterBadge": false,
    "visitorsBadge": false,
    "badgeStyle": "flat",
    "badgeColor": "0e75b6",
    "badgeLabel": "Profile views",
    "githubProfileTrophy": false,
    "githubStats": false,
    "githubStatsOptions": {
      "theme": "",
      "titleColor": "",
      "textColor": "",
      "bgColor": "",
      "hideBorder": false,
      "cacheSeconds": null,
      "locale": "en"
    },
    "topLanguages": true,
    "topLanguagesOptions": {
      "theme": "",
      "titleColor": "",
      "textColor": "",
      "bgColor": "",
      "hideBorder": false,
      "cacheSeconds": null,
      "locale": "en"
    },
    "streakStats": false,
    "streakStatsOptions": { "theme": "" },
    "devDynamicBlogs": false,
    "mediumDynamicBlogs": false,
    "rssDynamicBlogs": false
  },
  "link": {
    "currentWork": "",
    "collaborateOn": "",
    "helpWith": "",
    "portfolio": "",
    "blog": "",
    "resume": ""
  },
  "social": {
    "github": "d",
    "dev": "",
    "linkedin": "",
    "codepen": "",
    "stackoverflow": "",
    "kaggle": "",
    "codesandbox": "",
    "fb": "",
    "instagram": "",
    "twitter": "",
    "dribbble": "",
    "behance": "",
    "medium": "",
    "youtube": "",
    "codechef": "",
    "hackerrank": "",
    "codeforces": "",
    "leetcode": "",
    "topcoder": "",
    "hackerearth": "",
    "geeks_for_geeks": "",
    "discord": "",
    "rssurl": ""
  },
  "skills": {
    "11ty": false,
    "amplify": false,
    "android": false,
    "angular": false,
    "angularjs": false,
    "apachecordova": false,
    "appwrite": false,
    "arduino": false,
    "aws": false,
    "azure": false,
    "babel": false,
    "backbonejs": false,
    "bash": false,
    "blender": false,
    "bootstrap": false,
    "bulma": false,
    "c": false,
    "canvasjs": false,
    "cassandra": false,
    "chartjs": false,
    "circleci": false,
    "clojure": false,
    "cockroachdb": false,
    "codeigniter": false,
    "coffeescript": false,
    "couchdb": false,
    "cplusplus": false,
    "csharp": false,
    "css3": false,
    "cypress": false,
    "d3js": false,
    "dart": false,
    "django": false,
    "docker": false,
    "dotnet": false,
    "elasticsearch": false,
    "electron": false,
    "elixir": false,
    "ember": false,
    "erlang": false,
    "express": false,
    "figma": false,
    "firebase": false,
    "flask": false,
    "flutter": false,
    "framer": false,
    "gatsby": false,
    "gcp": false,
    "git": false,
    "go": false,
    "grafana": false,
    "graphql": false,
    "gridsome": false,
    "gtk": false,
    "gulp": false,
    "hadoop": false,
    "haskell": false,
    "heroku": false,
    "hexo": false,
    "hive": false,
    "html5": false,
    "hugo": false,
    "ifttt": false,
    "illustrator": false,
    "invision": false,
    "ionic": false,
    "jasmine": false,
    "java": false,
    "javascript": false,
    "jekyll": false,
    "jenkins": false,
    "jest": false,
    "kafka": false,
    "karma": false,
    "kibana": false,
    "kotlin": false,
    "kubernetes": false,
    "laravel": false,
    "linux": false,
    "mariadb": false,
    "materialize": false,
    "matlab": false,
    "middleman": false,
    "mocha": false,
    "mongodb": false,
    "mssql": false,
    "mysql": false,
    "nativescript": false,
    "nestjs": false,
    "nextjs": false,
    "nginx": false,
    "nim": false,
    "nodejs": false,
    "nuxtjs": false,
    "objectivec": false,
    "opencv": false,
    "openresty": false,
    "oracle": false,
    "pandas": false,
    "perl": false,
    "photoshop": false,
    "php": false,
    "postgresql": false,
    "postman": false,
    "pug": false,
    "puppeteer": false,
    "python": false,
    "pytorch": false,
    "qt": false,
    "quasar": false,
    "rabbitMQ": false,
    "rails": false,
    "react": false,
    "reactnative": false,
    "realm": false,
    "redis": false,
    "redux": false,
    "ruby": false,
    "rust": false,
    "sapper": false,
    "sass": false,
    "scala": false,
    "scikit_learn": false,
    "scully": false,
    "sculpin": false,
    "seaborn": false,
    "selenium": false,
    "sketch": false,
    "solr": false,
    "spring": false,
    "sqlite": false,
    "svelte": false,
    "swift": false,
    "symfony": false,
    "tailwind": false,
    "tensorflow": false,
    "travisci": false,
    "typescript": false,
    "unity": true,
    "unreal": false,
    "vagrant": false,
    "vuejs": false,
    "vuepress": false,
    "vuetify": false,
    "webpack": false,
    "wx_widgets": false,
    "xamarin": true,
    "xd": false,
    "zapier": false
  },
  "support": { "buyMeACoffee": "" }
}
